{
  "redness": {
    "raw_score": 74.04264831542969,
    "ui_score": 78,
    "output_mask_name": "redness_output.png"
  },
  "pore": {
    "raw_score": 99.9281793832779,
    "ui_score": 99,
    "output_mask_name": "pore_output.png"
  },
  "droopy_lower_eyelid": {
    "raw_score": 49.384915828704834,
    "ui_score": 67,
    "output_mask_name": "droopy_lower_eyelid_output.png"
  },
  "acne": {
    "raw_score": 100.0,
    "ui_score": 99,
    "output_mask_name": "acne_output.png"
  },
  "all": {
    "score": 85.75
  },
  "skin_age": 23
}